,Unnamed: 0,Unnamed: 0.1,Unnamed: 0.1.1,year,country,dry weight loss
0,0,0,0,2000,Angola,16.7701
22,6,722,817,2019,Angola,16.8342
21,9,646,731,2017,Angola,16.7701
20,8,114,129,2003,Angola,16.862000000000002
19,7,190,215,2005,Angola,16.8321
18,1,418,473,2011,Angola,16.8799
17,5,494,559,2013,Angola,16.3721
15,3,152,172,2004,Angola,16.871
14,2,456,516,2012,Angola,16.3308
13,11,684,774,2018,Angola,16.8469
12,10,760,860,2020,Angola,16.82
16,4,380,430,2010,Angola,16.8903
10,12,608,688,2016,Angola,16.7701
11,16,532,602,2014,Angola,16.4564
2,21,266,301,2007,Angola,16.8538
3,20,76,86,2002,Angola,16.8763
4,19,798,903,2021,Angola,16.7701
5,18,836,946,2022,Angola,16.7701
1,22,570,645,2015,Angola,16.7701
7,15,342,387,2009,Angola,16.8817
8,14,38,43,2001,Angola,16.8401
9,13,228,258,2006,Angola,16.8592
6,17,304,344,2008,Angola,16.8904
36,34,647,732,2017,Benin,16.7722
45,32,685,775,2018,Benin,16.7711
44,31,77,87,2002,Benin,16.6884
43,30,837,947,2022,Benin,16.7651
42,29,799,904,2021,Benin,16.7535
41,23,609,689,2016,Benin,16.77
40,27,1,1,2000,Benin,16.6793
39,26,723,818,2019,Benin,16.7711
38,25,229,259,2006,Benin,16.5965
37,24,495,560,2013,Benin,16.7715
35,33,39,44,2001,Benin,16.6909
28,41,153,173,2004,Benin,16.651
33,35,267,302,2007,Benin,16.7272
34,28,381,431,2010,Benin,25.2588
24,45,343,388,2009,Benin,24.564
25,44,191,216,2005,Benin,16.7055
26,43,533,603,2014,Benin,16.7683
27,42,761,861,2020,Benin,16.7547
23,36,419,474,2011,Benin,24.9088
29,40,115,130,2003,Benin,16.6253
30,39,305,345,2008,Benin,24.2183
31,38,457,517,2012,Benin,24.7855
32,37,571,646,2015,Benin,16.7733
68,57,458,518,2012,Botswana,15.3774
67,55,724,819,2019,Botswana,14.4607
66,54,268,303,2007,Botswana,14.8573
65,53,2,2,2000,Botswana,16.5145
64,52,572,647,2015,Botswana,14.6278
63,46,534,604,2014,Botswana,15.8899
62,50,800,905,2021,Botswana,15.4539
61,49,838,948,2022,Botswana,15.4539
60,48,40,45,2001,Botswana,15.4776
59,47,496,561,2013,Botswana,14.9789
58,56,344,389,2009,Botswana,20.33
51,63,648,733,2017,Botswana,21.412
56,58,610,690,2016,Botswana,15.4539
47,67,420,475,2011,Botswana,16.9544
48,66,192,217,2005,Botswana,15.999
49,65,116,131,2003,Botswana,14.7833
50,64,382,432,2010,Botswana,18.3795
46,68,762,862,2020,Botswana,15.4539
52,62,154,174,2004,Botswana,15.8977
53,61,306,346,2008,Botswana,18.1111
54,60,78,88,2002,Botswana,15.4698
55,59,230,260,2006,Botswana,16.2642
57,51,686,776,2018,Botswana,15.4539
81,78,687,777,2018,Burkina Faso,17.0535
90,69,41,46,2001,Burkina Faso,17.3426
89,70,117,132,2003,Burkina Faso,17.2806
88,71,307,347,2008,Burkina Faso,21.1574
87,72,649,734,2017,Burkina Faso,17.1562
86,73,193,218,2005,Burkina Faso,17.2933
85,74,3,3,2000,Burkina Faso,17.3132
84,75,459,519,2012,Burkina Faso,17.5553
83,76,345,390,2009,Burkina Faso,26.2031
82,77,573,648,2015,Burkina Faso,18.6831
91,79,535,605,2014,Burkina Faso,26.7751
80,80,839,949,2022,Burkina Faso,17.1287
78,82,155,175,2004,Burkina Faso,17.2553
77,83,801,906,2021,Burkina Faso,17.1248
76,84,231,261,2006,Burkina Faso,17.3065
75,85,269,304,2007,Burkina Faso,17.2738
74,86,79,89,2002,Burkina Faso,17.3311
73,87,421,476,2011,Burkina Faso,18.9814
72,88,763,863,2020,Burkina Faso,17.0839
71,89,611,691,2016,Burkina Faso,22.2927
70,90,383,433,2010,Burkina Faso,25.6191
69,81,497,562,2013,Burkina Faso,17.5983
79,91,725,820,2019,Burkina Faso,17.0662
105,93,308,348,2008,Burundi,17.9951
106,94,802,907,2021,Burundi,17.9951
107,95,42,47,2001,Burundi,17.9951
109,92,346,391,2009,Burundi,17.9951
104,101,232,262,2006,Burundi,17.9951
111,98,384,434,2010,Burundi,17.9951
112,99,612,692,2016,Burundi,17.9951
113,100,498,563,2013,Burundi,17.9951
114,97,840,950,2022,Burundi,17.9951
110,102,536,606,2014,Burundi,17.9951
103,108,156,176,2004,Burundi,17.9951
108,96,460,520,2012,Burundi,17.9951
101,110,574,649,2015,Burundi,17.9951
93,106,4,4,2000,Burundi,17.9951
94,107,688,778,2018,Burundi,17.9951
95,109,422,477,2011,Burundi,17.9951
96,104,270,305,2007,Burundi,17.9951
92,105,194,219,2005,Burundi,17.9951
102,103,80,90,2002,Burundi,17.9951
98,112,764,864,2020,Burundi,17.9951
99,113,118,133,2003,Burundi,17.9951
100,114,726,821,2019,Burundi,17.9951
97,111,650,735,2017,Burundi,17.9951
128,116,651,736,2017,Cameroon,17.7345
137,120,803,908,2021,Cameroon,17.7305
136,124,271,306,2007,Cameroon,17.7157
135,123,5,5,2000,Cameroon,17.7489
134,122,575,650,2015,Cameroon,17.7345
133,121,81,91,2002,Cameroon,17.7489
132,115,613,693,2016,Cameroon,17.7337
131,119,195,220,2005,Cameroon,17.7154
130,118,119,134,2003,Cameroon,17.7489
129,117,309,349,2008,Cameroon,21.954
127,125,765,865,2020,Cameroon,17.7305
126,126,423,478,2011,Cameroon,22.0132
125,127,233,263,2006,Cameroon,17.7169
116,137,347,392,2009,Cameroon,22.0056
117,136,461,521,2012,Cameroon,22.0003
118,135,727,822,2019,Cameroon,17.7305
119,134,385,435,2010,Cameroon,21.998
115,128,689,779,2018,Cameroon,17.7179
121,132,157,177,2004,Cameroon,17.7489
122,131,841,951,2022,Cameroon,17.7305
123,130,43,48,2001,Cameroon,17.7359
124,129,537,607,2014,Cameroon,17.7335
120,133,499,564,2013,Cameroon,22.0003
150,147,690,781,2018,Chad,15.3581
159,146,424,480,2011,Chad,15.2306
158,145,766,867,2020,Chad,15.3581
157,144,44,50,2001,Chad,15.3581
156,143,804,910,2021,Chad,15.3581
155,148,576,652,2015,Chad,15.3581
154,141,82,93,2002,Chad,15.3581
153,140,842,953,2022,Chad,15.3581
152,139,6,7,2000,Chad,15.3581
151,138,348,394,2009,Chad,15.3581
149,160,652,738,2017,Chad,15.3581
160,142,120,136,2003,Chad,15.3581
147,151,234,265,2006,Chad,15.3581
138,150,158,179,2004,Chad,15.3581
139,159,310,351,2008,Chad,15.3581
140,158,500,566,2013,Chad,15.3581
141,157,272,308,2007,Chad,15.3581
148,149,728,824,2019,Chad,15.3581
143,155,196,222,2005,Chad,15.3581
144,154,538,609,2014,Chad,15.3581
145,153,614,695,2016,Chad,15.3581
146,152,386,437,2010,Chad,15.3581
142,156,462,523,2012,Chad,15.45
173,170,805,911,2021,Congo,17.9951
182,169,577,653,2015,Congo,17.9951
181,168,539,610,2014,Congo,17.9951
180,167,843,954,2022,Congo,17.9951
179,166,425,481,2011,Congo,17.9951
178,171,653,739,2017,Congo,17.9951
177,164,159,180,2004,Congo,17.9951
176,163,463,524,2012,Congo,17.9951
175,162,729,825,2019,Congo,17.9951
174,161,197,223,2005,Congo,17.9951
172,183,311,352,2008,Congo,17.9951
183,165,387,438,2010,Congo,17.9951
170,174,501,567,2013,Congo,17.9951
161,173,273,309,2007,Congo,17.9951
162,182,83,94,2002,Congo,17.9951
163,181,691,782,2018,Congo,17.9951
164,180,235,266,2006,Congo,17.9951
171,172,7,8,2000,Congo,17.9951
166,178,615,696,2016,Congo,17.9951
167,177,767,868,2020,Congo,17.9951
168,176,45,51,2001,Congo,17.9951
169,175,349,395,2009,Congo,17.9951
165,179,121,137,2003,Congo,17.9951
196,193,46,52,2001,Côte d'Ivoire,17.9876
205,184,692,783,2018,Côte d'Ivoire,17.9876
204,185,464,525,2012,Côte d'Ivoire,17.9876
203,186,426,482,2011,Côte d'Ivoire,17.9876
202,187,540,611,2014,Côte d'Ivoire,17.9876
201,188,806,912,2021,Côte d'Ivoire,17.9876
200,189,388,439,2010,Côte d'Ivoire,17.9876
199,190,350,396,2009,Côte d'Ivoire,17.9876
198,191,502,568,2013,Côte d'Ivoire,17.9876
197,192,844,955,2022,Côte d'Ivoire,17.9876
206,194,312,353,2008,Côte d'Ivoire,17.9876
195,195,654,740,2017,Côte d'Ivoire,17.9876
193,197,578,654,2015,Côte d'Ivoire,17.9876
192,198,274,310,2007,Côte d'Ivoire,17.9907
191,199,8,9,2000,Côte d'Ivoire,17.9876
190,200,84,95,2002,Côte d'Ivoire,17.9878
189,201,160,181,2004,Côte d'Ivoire,17.9883
188,202,616,697,2016,Côte d'Ivoire,17.9876
187,203,198,224,2005,Côte d'Ivoire,17.9856
186,204,730,826,2019,Côte d'Ivoire,17.9876
185,205,236,267,2006,Côte d'Ivoire,17.9859
184,196,768,869,2020,Côte d'Ivoire,17.9876
194,206,122,138,2003,Côte d'Ivoire,17.988
221,209,427,483,2011,Democratic Republic of the Congo,17.2102
222,210,655,741,2017,Democratic Republic of the Congo,17.2102
223,211,389,440,2010,Democratic Republic of the Congo,17.2102
224,207,579,655,2015,Democratic Republic of the Congo,17.2102
220,208,9,10,2000,Democratic Republic of the Congo,17.2102
226,214,693,784,2018,Democratic Republic of the Congo,17.2102
227,215,731,827,2019,Democratic Republic of the Congo,17.2102
228,216,199,225,2005,Democratic Republic of the Congo,17.2102
229,218,351,397,2009,Democratic Republic of the Congo,17.2102
225,213,123,139,2003,Democratic Republic of the Congo,17.2102
219,217,85,96,2002,Democratic Republic of the Congo,17.2102
212,226,465,526,2012,Democratic Republic of the Congo,17.2102
217,219,313,354,2008,Democratic Republic of the Congo,17.2102
208,222,845,956,2022,Democratic Republic of the Congo,17.2102
209,223,503,569,2013,Democratic Republic of the Congo,17.2102
210,224,541,612,2014,Democratic Republic of the Congo,17.2102
211,220,807,913,2021,Democratic Republic of the Congo,17.2102
207,221,769,870,2020,Democratic Republic of the Congo,17.2102
213,227,237,268,2006,Democratic Republic of the Congo,17.2102
214,228,617,698,2016,Democratic Republic of the Congo,17.2102
215,229,47,53,2001,Democratic Republic of the Congo,17.2102
216,225,275,311,2007,Democratic Republic of the Congo,17.2102
218,212,161,182,2004,Democratic Republic of the Congo,17.2102
243,231,48,55,2001,Eritrea,17.194000000000006
252,235,390,442,2010,Eritrea,17.194000000000006
251,239,352,399,2009,Eritrea,17.194000000000006
250,238,162,184,2004,Eritrea,17.194000000000006
249,237,10,12,2000,Eritrea,17.194000000000006
248,236,770,872,2020,Eritrea,17.194000000000006
247,230,200,227,2005,Eritrea,17.194000000000006
246,234,542,614,2014,Eritrea,17.194000000000006
245,233,124,141,2003,Eritrea,17.194000000000006
244,232,238,270,2006,Eritrea,17.194000000000006
242,240,276,313,2007,Eritrea,17.194000000000006
241,241,504,571,2013,Eritrea,17.194000000000006
240,242,86,98,2002,Eritrea,17.194000000000006
231,252,428,485,2011,Eritrea,17.194000000000006
232,251,846,958,2022,Eritrea,17.194000000000006
233,250,314,356,2008,Eritrea,17.194000000000006
234,249,466,528,2012,Eritrea,17.194000000000006
230,243,808,915,2021,Eritrea,17.194000000000006
236,247,694,786,2018,Eritrea,17.194000000000006
237,246,732,829,2019,Eritrea,17.194000000000006
238,245,656,743,2017,Eritrea,17.194000000000006
239,244,618,700,2016,Eritrea,17.194000000000006
235,248,580,657,2015,Eritrea,17.194000000000006
266,254,49,56,2001,Eswatini,16.141
275,258,771,873,2020,Eswatini,16.141
274,262,163,185,2004,Eswatini,16.090999999999998
273,261,733,830,2019,Eswatini,16.141
272,260,657,744,2017,Eswatini,16.141
271,259,619,701,2016,Eswatini,16.1713
270,253,695,787,2018,Eswatini,16.141
269,257,429,486,2011,Eswatini,16.146
268,256,239,271,2006,Eswatini,16.0824
267,255,505,572,2013,Eswatini,16.1204
265,263,353,400,2009,Eswatini,16.1528
264,264,11,13,2000,Eswatini,16.141
263,265,847,959,2022,Eswatini,16.141
254,275,467,529,2012,Eswatini,16.1619
255,274,391,443,2010,Eswatini,16.1919
256,273,315,357,2008,Eswatini,16.145
257,272,125,142,2003,Eswatini,16.141
253,266,277,314,2007,Eswatini,16.0839
259,270,87,99,2002,Eswatini,16.141
260,269,543,615,2014,Eswatini,16.1513
261,268,201,228,2005,Eswatini,16.1019
262,267,809,916,2021,Eswatini,16.141
258,271,581,658,2015,Eswatini,16.2509
289,277,278,315,2007,Ethiopia,16.385
298,281,772,874,2020,Ethiopia,17.5585
297,285,582,659,2015,Ethiopia,17.6523
296,284,240,272,2006,Ethiopia,16.3557
295,283,164,186,2004,Ethiopia,16.4372
294,282,430,487,2011,Ethiopia,17.6011
293,276,88,100,2002,Ethiopia,16.4372
292,280,620,702,2016,Ethiopia,19.8103
291,279,12,14,2000,Ethiopia,16.4372
290,278,392,444,2010,Ethiopia,17.4408
288,286,658,745,2017,Ethiopia,19.8904
287,287,734,831,2019,Ethiopia,19.9767
286,288,202,229,2005,Ethiopia,16.3204
277,298,468,530,2012,Ethiopia,17.6738
278,297,126,143,2003,Ethiopia,16.4372
279,296,696,788,2018,Ethiopia,19.9518
280,295,810,917,2021,Ethiopia,17.5585
276,289,354,401,2009,Ethiopia,17.5946
282,293,316,358,2008,Ethiopia,17.576
283,292,848,960,2022,Ethiopia,17.5585
284,291,50,57,2001,Ethiopia,16.4372
285,290,544,616,2014,Ethiopia,17.6047
281,294,506,573,2013,Ethiopia,17.6579
311,308,393,446,2010,Gambia,17.9951
320,307,621,704,2016,Gambia,17.9951
319,306,279,317,2007,Gambia,17.9951
318,305,659,747,2017,Gambia,17.9951
317,304,849,962,2022,Gambia,17.9951
316,309,811,919,2021,Gambia,17.9951
315,302,241,274,2006,Gambia,17.9951
314,301,127,145,2003,Gambia,17.9951
313,300,545,618,2014,Gambia,17.9951
312,299,165,188,2004,Gambia,17.9951
310,321,13,16,2000,Gambia,17.9951
321,303,355,403,2009,Gambia,17.9951
308,312,469,532,2012,Gambia,17.9951
299,311,697,790,2018,Gambia,17.9951
300,320,507,575,2013,Gambia,17.9951
301,319,89,102,2002,Gambia,17.9951
302,318,583,661,2015,Gambia,17.9951
309,310,431,489,2011,Gambia,17.9951
304,316,735,833,2019,Gambia,17.9951
305,315,51,59,2001,Gambia,17.9951
306,314,773,876,2020,Gambia,17.9951
307,313,203,231,2005,Gambia,17.9951
303,317,317,360,2008,Gambia,17.9951
335,323,850,963,2022,Ghana,17.965
344,327,432,490,2011,Ghana,17.9703
343,331,584,662,2015,Ghana,17.9694
342,330,90,103,2002,Ghana,17.9588
341,329,128,146,2003,Ghana,17.9555
340,328,812,920,2021,Ghana,17.965
339,322,698,791,2018,Ghana,17.9687
338,326,280,318,2007,Ghana,17.9586
337,325,546,619,2014,Ghana,17.97
336,324,204,232,2005,Ghana,17.9588
334,332,318,361,2008,Ghana,17.964000000000006
333,333,470,533,2012,Ghana,17.97
332,334,14,17,2000,Ghana,17.9518
323,344,736,834,2019,Ghana,17.965
324,343,394,447,2010,Ghana,17.9716
325,342,166,189,2004,Ghana,17.9515
326,341,660,748,2017,Ghana,17.9735
322,335,242,275,2006,Ghana,17.9588
328,339,356,404,2009,Ghana,17.9666
329,338,52,60,2001,Ghana,17.9479
330,337,622,705,2016,Ghana,17.9701
331,336,508,576,2013,Ghana,17.9675
327,340,774,877,2020,Ghana,17.965
357,354,53,61,2001,Guinea,17.9951
366,353,661,749,2017,Guinea,17.9951
365,352,585,663,2015,Guinea,17.9951
364,351,547,620,2014,Guinea,17.9951
363,350,281,319,2007,Guinea,17.9951
362,355,129,147,2003,Guinea,17.9951
361,348,205,233,2005,Guinea,17.9951
360,347,813,921,2021,Guinea,17.9951
359,346,699,792,2018,Guinea,17.9951
358,345,243,276,2006,Guinea,17.9951
356,367,471,534,2012,Guinea,17.9951
367,349,509,577,2013,Guinea,17.9951
354,358,851,964,2022,Guinea,17.9951
345,357,91,104,2002,Guinea,17.9951
346,366,319,362,2008,Guinea,17.9951
347,365,623,706,2016,Guinea,17.9951
348,364,15,18,2000,Guinea,17.9951
355,356,775,878,2020,Guinea,17.9951
350,362,737,835,2019,Guinea,17.9951
351,361,357,405,2009,Guinea,17.9951
352,360,167,190,2004,Guinea,17.9951
353,359,433,491,2011,Guinea,17.9951
349,363,395,448,2010,Guinea,17.9951
380,377,358,406,2009,Guinea-Bissau,17.9951
389,376,738,836,2019,Guinea-Bissau,17.9951
388,375,54,62,2001,Guinea-Bissau,17.9951
387,374,130,148,2003,Guinea-Bissau,17.9951
386,373,206,234,2005,Guinea-Bissau,17.9951
385,378,662,750,2017,Guinea-Bissau,17.9951
384,371,776,879,2020,Guinea-Bissau,17.9951
383,370,472,535,2012,Guinea-Bissau,17.9951
382,369,92,105,2002,Guinea-Bissau,17.9951
381,368,510,578,2013,Guinea-Bissau,17.9951
379,390,16,19,2000,Guinea-Bissau,17.9951
390,372,624,707,2016,Guinea-Bissau,17.9951
377,381,548,621,2014,Guinea-Bissau,17.9951
368,380,320,363,2008,Guinea-Bissau,17.9951
369,389,168,191,2004,Guinea-Bissau,17.9951
370,388,852,965,2022,Guinea-Bissau,17.9951
371,387,396,449,2010,Guinea-Bissau,17.9951
378,379,814,922,2021,Guinea-Bissau,17.9951
373,385,244,277,2006,Guinea-Bissau,17.9951
374,384,586,664,2015,Guinea-Bissau,17.9951
375,383,700,793,2018,Guinea-Bissau,17.9951
376,382,434,492,2011,Guinea-Bissau,17.9951
372,386,282,320,2007,Guinea-Bissau,17.9951
403,400,473,536,2012,Kenya,17.3561
412,391,207,235,2005,Kenya,17.3597
411,392,283,321,2007,Kenya,17.3459
410,393,777,880,2020,Kenya,16.6644
409,394,663,751,2017,Kenya,16.6675
408,395,359,407,2009,Kenya,18.5448
407,396,853,966,2022,Kenya,16.6675
406,397,549,622,2014,Kenya,16.6675
405,398,321,364,2008,Kenya,17.3603
404,399,131,149,2003,Kenya,16.5392
413,401,511,579,2013,Kenya,24.9517
402,402,815,923,2021,Kenya,16.6675
400,404,169,192,2004,Kenya,17.3597
399,405,17,20,2000,Kenya,16.5392
398,406,701,794,2018,Kenya,16.6675
397,407,93,106,2002,Kenya,16.5392
396,408,625,708,2016,Kenya,16.6675
395,409,739,837,2019,Kenya,16.6566
394,410,435,493,2011,Kenya,17.3237
393,411,245,278,2006,Kenya,17.3597
392,412,587,665,2015,Kenya,16.6675
391,403,397,450,2010,Kenya,24.9438
401,413,55,63,2001,Kenya,16.5392
427,414,360,408,2009,Lesotho,15.5077
428,415,170,193,2004,Lesotho,15.9714
429,416,208,236,2005,Lesotho,15.6534
430,417,56,64,2001,Lesotho,15.8609
426,423,94,107,2002,Lesotho,15.8609
432,419,132,150,2003,Lesotho,15.8609
433,420,398,451,2010,Lesotho,16.8354
434,421,18,21,2000,Lesotho,15.8609
435,422,322,365,2008,Lesotho,15.8754
431,424,436,494,2011,Lesotho,16.4268
425,436,816,924,2021,Lesotho,15.4155
436,418,284,322,2007,Lesotho,15.9462
423,431,664,752,2017,Lesotho,15.4356
414,427,740,838,2019,Lesotho,15.4697
415,428,702,795,2018,Lesotho,15.4232
416,429,626,709,2016,Lesotho,15.3324
417,430,474,537,2012,Lesotho,14.6191
424,425,246,279,2006,Lesotho,16.3011
419,432,550,623,2014,Lesotho,16.2261
420,433,588,666,2015,Lesotho,15.479
421,434,854,967,2022,Lesotho,15.4155
422,435,778,881,2020,Lesotho,15.3748
418,426,512,580,2013,Lesotho,16.7324
450,438,437,496,2011,Madagascar,17.6133
459,442,57,66,2001,Madagascar,17.6133
458,446,589,668,2015,Madagascar,17.6757
457,445,627,711,2016,Madagascar,17.6541
456,444,665,754,2017,Madagascar,17.6388
455,443,209,238,2005,Madagascar,17.5862
454,437,551,625,2014,Madagascar,17.5345
453,441,817,926,2021,Madagascar,17.6133
452,440,19,23,2000,Madagascar,17.6133
451,439,247,281,2006,Madagascar,17.5874
449,447,361,410,2009,Madagascar,17.5813
448,448,513,582,2013,Madagascar,17.5599
447,449,95,109,2002,Madagascar,17.6133
438,459,475,539,2012,Madagascar,17.6518
439,458,779,883,2020,Madagascar,17.7036
440,457,741,840,2019,Madagascar,17.7036
441,456,133,152,2003,Madagascar,17.6133
437,450,703,797,2018,Madagascar,17.6951
443,454,171,195,2004,Madagascar,17.6133
444,453,285,324,2007,Madagascar,17.5864
445,452,399,453,2010,Madagascar,17.6083
446,451,855,969,2022,Madagascar,17.6133
442,455,323,367,2008,Madagascar,17.5853
472,469,704,798,2018,Malawi,19.1143
481,468,286,325,2007,Malawi,16.8728
480,467,248,282,2006,Malawi,16.849
479,466,210,239,2005,Malawi,16.5373
478,465,400,454,2010,Malawi,18.7453
477,470,514,583,2013,Malawi,19.7122
476,463,856,970,2022,Malawi,17.0285
475,462,58,67,2001,Malawi,16.8902
474,461,172,196,2004,Malawi,16.6656
473,460,780,884,2020,Malawi,19.1542
471,482,96,110,2002,Malawi,16.8902
482,464,362,411,2009,Malawi,19.0559
469,473,438,497,2011,Malawi,18.8906
460,472,324,368,2008,Malawi,18.8349
461,481,628,712,2016,Malawi,18.9904
462,480,818,927,2021,Malawi,17.0995
463,479,134,153,2003,Malawi,16.8902
470,471,666,755,2017,Malawi,19.2918
465,477,552,626,2014,Malawi,19.5048
466,476,476,540,2012,Malawi,18.4495
467,475,590,669,2015,Malawi,19.5385
468,474,742,841,2019,Malawi,19.0982
464,478,20,24,2000,Malawi,16.8902
495,492,667,756,2017,Mali,15.5675
504,491,363,412,2009,Mali,15.5703
503,490,325,369,2008,Mali,15.5861
502,489,819,928,2021,Mali,15.5835
501,488,781,885,2020,Mali,15.5835
500,493,249,283,2006,Mali,15.6124
499,486,97,111,2002,Mali,15.5805
498,485,439,498,2011,Mali,15.5633
497,484,59,68,2001,Mali,15.5674
496,483,173,197,2004,Mali,15.5887
494,505,629,713,2016,Mali,15.5947
505,487,477,541,2012,Mali,15.6026
492,496,515,584,2013,Mali,15.619000000000002
483,495,705,799,2018,Mali,15.5955
484,504,857,971,2022,Mali,15.5835
485,503,553,627,2014,Mali,15.5988
486,502,21,25,2000,Mali,15.5581
493,494,401,455,2010,Mali,15.5097
488,500,287,326,2007,Mali,15.6065
489,499,591,670,2015,Mali,15.5835
490,498,743,842,2019,Mali,15.5835
491,497,211,240,2005,Mali,15.5678
487,501,135,154,2003,Mali,15.5855
518,515,592,671,2015,Mauritania,17.194000000000006
527,506,174,198,2004,Mauritania,17.194000000000006
526,507,250,284,2006,Mauritania,17.194000000000006
525,508,136,155,2003,Mauritania,17.194000000000006
524,509,440,499,2011,Mauritania,17.194000000000006
523,510,668,757,2017,Mauritania,17.194000000000006
522,511,820,929,2021,Mauritania,17.194000000000006
521,512,22,26,2000,Mauritania,17.194000000000006
520,513,212,241,2005,Mauritania,17.194000000000006
519,514,630,714,2016,Mauritania,17.194000000000006
528,516,516,585,2013,Mauritania,17.194000000000006
517,517,288,327,2007,Mauritania,17.194000000000006
515,519,326,370,2008,Mauritania,17.194000000000006
514,520,554,628,2014,Mauritania,17.194000000000006
513,521,706,800,2018,Mauritania,17.194000000000006
512,522,858,972,2022,Mauritania,17.194000000000006
511,523,364,413,2009,Mauritania,17.194000000000006
510,524,402,456,2010,Mauritania,17.194000000000006
509,525,98,112,2002,Mauritania,17.194000000000006
508,526,744,843,2019,Mauritania,17.194000000000006
507,527,60,69,2001,Mauritania,17.194000000000006
506,518,782,886,2020,Mauritania,17.194000000000006
516,528,478,542,2012,Mauritania,17.194000000000006
543,531,289,328,2007,Mozambique,18.7535
544,532,99,113,2002,Mozambique,17.5223
545,533,441,500,2011,Mozambique,17.5223
546,529,61,70,2001,Mozambique,17.5223
542,530,593,672,2015,Mozambique,20.4555
548,536,327,371,2008,Mozambique,17.5223
549,537,479,543,2012,Mozambique,17.4916
550,538,745,844,2019,Mozambique,21.5374
551,534,859,973,2022,Mozambique,17.5223
547,535,517,586,2013,Mozambique,17.5223
541,539,669,758,2017,Mozambique,21.5374
540,540,365,414,2009,Mozambique,17.5223
539,541,175,199,2004,Mozambique,18.2379
530,544,23,27,2000,Mozambique,17.5223
531,545,821,930,2021,Mozambique,17.5223
532,546,403,457,2010,Mozambique,17.5223
533,542,213,242,2005,Mozambique,18.6464
529,543,137,156,2003,Mozambique,17.634
535,549,707,801,2018,Mozambique,21.5374
536,550,631,715,2016,Mozambique,21.5374
537,551,783,887,2020,Mozambique,17.5223
538,547,251,285,2006,Mozambique,18.7558
534,548,555,629,2014,Mozambique,21.5817
565,553,138,157,2003,Namibia,15.6551
574,557,556,630,2014,Namibia,15.6555
573,561,670,759,2017,Namibia,15.6555
572,560,860,974,2022,Namibia,15.6555
571,559,518,587,2013,Namibia,15.6555
570,558,214,243,2005,Namibia,15.6551
569,552,480,544,2012,Namibia,15.6555
568,556,328,372,2008,Namibia,15.49
567,555,708,802,2018,Namibia,15.6555
566,554,784,888,2020,Namibia,15.6555
564,562,404,458,2010,Namibia,15.6555
563,563,62,71,2001,Namibia,15.6551
562,564,24,28,2000,Namibia,15.6551
553,574,252,286,2006,Namibia,15.6551
554,573,594,673,2015,Namibia,15.6555
555,572,366,415,2009,Namibia,15.6555
556,571,176,200,2004,Namibia,15.6551
552,565,746,845,2019,Namibia,15.6555
558,569,632,716,2016,Namibia,15.6555
559,568,290,329,2007,Namibia,15.8233
560,567,100,114,2002,Namibia,15.6551
561,566,442,501,2011,Namibia,15.6555
557,570,822,931,2021,Namibia,15.6555
587,584,633,717,2016,Niger,18.215
596,583,367,416,2009,Niger,17.194000000000006
595,582,595,674,2015,Niger,18.0651
594,581,785,889,2020,Niger,17.194000000000006
593,580,481,545,2012,Niger,17.194000000000006
592,585,671,760,2017,Niger,17.194000000000006
591,578,405,459,2010,Niger,17.194000000000006
590,577,63,72,2001,Niger,17.194000000000006
589,576,861,975,2022,Niger,17.194000000000006
588,575,215,244,2005,Niger,17.194000000000006
586,597,329,373,2008,Niger,17.194000000000006
597,579,709,803,2018,Niger,17.194000000000006
584,588,25,29,2000,Niger,17.194000000000006
575,587,519,588,2013,Niger,17.194000000000006
576,596,101,115,2002,Niger,17.194000000000006
577,595,139,158,2003,Niger,17.194000000000006
578,594,823,932,2021,Niger,17.194000000000006
585,586,291,330,2007,Niger,17.194000000000006
580,592,747,846,2019,Niger,17.194000000000006
581,591,557,631,2014,Niger,18.4515
582,590,253,287,2006,Niger,17.194000000000006
583,589,177,201,2004,Niger,17.194000000000006
579,593,443,502,2011,Niger,17.194000000000006
610,607,178,202,2004,Nigeria,17.3683
619,606,748,847,2019,Nigeria,17.5366
618,605,634,718,2016,Nigeria,17.4315
617,604,710,804,2018,Nigeria,17.4315
616,603,786,890,2020,Nigeria,17.5345
615,608,862,976,2022,Nigeria,17.4315
614,601,330,374,2008,Nigeria,17.4485
613,600,216,245,2005,Nigeria,17.4161
612,599,520,589,2013,Nigeria,17.969
611,598,368,417,2009,Nigeria,17.6005
609,620,64,73,2001,Nigeria,17.3683
620,602,596,675,2015,Nigeria,17.4969
607,611,140,159,2003,Nigeria,17.4271
598,610,558,632,2014,Nigeria,17.496
599,619,292,331,2007,Nigeria,17.4424
600,618,26,30,2000,Nigeria,17.2805
601,617,672,761,2017,Nigeria,17.4315
608,609,824,933,2021,Nigeria,17.5358
603,615,102,116,2002,Nigeria,17.39
604,614,406,460,2010,Nigeria,18.1785
605,613,444,503,2011,Nigeria,17.9797
606,612,482,546,2012,Nigeria,17.8852
602,616,254,288,2006,Nigeria,17.4015
633,630,749,848,2019,Rwanda,16.311
642,621,407,461,2010,Rwanda,16.5679
641,622,559,633,2014,Rwanda,16.3081
640,623,597,676,2015,Rwanda,16.3081
639,624,27,31,2000,Rwanda,16.4545
638,625,483,547,2012,Rwanda,19.1024
637,626,673,762,2017,Rwanda,16.3069
636,627,331,375,2008,Rwanda,16.4481
635,628,65,74,2001,Rwanda,16.4545
634,629,711,805,2018,Rwanda,16.3113
643,631,179,203,2004,Rwanda,16.4545
632,632,445,504,2011,Rwanda,22.435
630,634,863,977,2022,Rwanda,16.3141
629,635,217,246,2005,Rwanda,16.4545
628,636,787,891,2020,Rwanda,16.3145
627,637,293,332,2007,Rwanda,16.8035
626,638,369,418,2009,Rwanda,16.4909
625,639,825,934,2021,Rwanda,16.315
624,640,141,160,2003,Rwanda,16.4545
623,641,521,590,2013,Rwanda,16.3012
622,642,635,719,2016,Rwanda,16.3081
621,633,103,117,2002,Rwanda,16.4545
631,643,255,289,2006,Rwanda,16.4545
658,645,370,419,2009,Senegal,15.8503
659,646,332,376,2008,Senegal,16.5115
660,647,446,505,2011,Senegal,16.3096
666,648,636,720,2016,Senegal,24.1097
657,644,522,591,2013,Senegal,19.0094
662,650,408,462,2010,Senegal,15.8349
663,651,294,333,2007,Senegal,15.7274
664,652,560,634,2014,Senegal,19.1514
665,653,484,548,2012,Senegal,19.3707
661,655,104,118,2002,Senegal,16.0763
656,654,256,290,2006,Senegal,15.8056
649,662,674,763,2017,Senegal,19.0827
654,656,218,247,2005,Senegal,15.7429
644,658,142,161,2003,Senegal,16.0763
645,659,750,849,2019,Senegal,16.2985
646,660,180,204,2004,Senegal,16.0763
647,666,28,32,2000,Senegal,16.0763
655,649,864,978,2022,Senegal,16.2886
650,663,66,75,2001,Senegal,16.0763
651,664,826,935,2021,Senegal,16.2925
652,665,788,892,2020,Senegal,16.2549
653,661,598,677,2015,Senegal,18.9014
648,657,712,806,2018,Senegal,16.3007
680,668,675,764,2017,Sierra Leone,23.9061
689,672,447,506,2011,Sierra Leone,17.095
688,676,599,678,2015,Sierra Leone,23.5249
687,675,523,592,2013,Sierra Leone,23.5406
686,674,637,721,2016,Sierra Leone,23.906
685,673,219,248,2005,Sierra Leone,17.0977
684,667,67,76,2001,Sierra Leone,21.6901
683,671,409,463,2010,Sierra Leone,23.384
682,670,865,979,2022,Sierra Leone,17.0267
681,669,827,936,2021,Sierra Leone,17.0267
679,677,713,807,2018,Sierra Leone,17.0267
678,678,143,162,2003,Sierra Leone,17.0949
677,679,257,291,2006,Sierra Leone,17.1217
668,689,789,893,2020,Sierra Leone,17.0267
669,688,561,635,2014,Sierra Leone,23.5404
670,687,105,119,2002,Sierra Leone,21.6811
671,686,485,549,2012,Sierra Leone,23.795
667,680,371,420,2009,Sierra Leone,17.215
673,684,181,205,2004,Sierra Leone,17.0971
674,683,29,33,2000,Sierra Leone,17.0267
675,682,751,850,2019,Sierra Leone,17.0267
676,681,295,334,2007,Sierra Leone,17.2387
672,685,333,377,2008,Sierra Leone,17.239
702,699,828,937,2021,Somalia,15.7207
711,698,68,77,2001,Somalia,16.0933
710,697,106,120,2002,Somalia,16.098
709,696,790,894,2020,Somalia,15.7126
708,695,676,765,2017,Somalia,15.6921
707,700,448,507,2011,Somalia,22.0932
706,693,258,292,2006,Somalia,16.0082
705,692,182,206,2004,Somalia,16.051
704,691,866,980,2022,Somalia,15.8619
703,690,638,722,2016,Somalia,15.7757
701,712,524,593,2013,Somalia,22.9882
712,694,372,421,2009,Somalia,23.9044
699,703,30,34,2000,Somalia,16.0667
690,702,600,679,2015,Somalia,15.7417
691,711,486,550,2012,Somalia,23.7867
692,710,562,636,2014,Somalia,15.9333
693,709,752,851,2019,Somalia,15.7103
700,701,144,163,2003,Somalia,16.1446
695,707,410,464,2010,Somalia,23.1961
696,706,714,808,2018,Somalia,15.7704
697,705,334,378,2008,Somalia,24.0967
698,704,220,249,2005,Somalia,16.1863
694,708,296,335,2007,Somalia,16.0981
725,722,221,250,2005,South Africa,17.1874
734,721,31,35,2000,South Africa,17.2627
733,720,259,293,2006,South Africa,17.2466
732,719,639,723,2016,South Africa,14.8674
731,718,601,680,2015,South Africa,14.8674
730,723,525,594,2013,South Africa,14.3308
729,716,715,809,2018,South Africa,14.8674
728,715,145,164,2003,South Africa,17.2719
727,714,677,766,2017,South Africa,14.8674
726,713,829,938,2021,South Africa,14.8674
724,735,487,551,2012,South Africa,15.0767
735,717,563,637,2014,South Africa,14.8674
722,726,373,422,2009,South Africa,18.3586
713,725,411,465,2010,South Africa,18.2454
714,734,297,336,2007,South Africa,17.3372
715,733,107,121,2002,South Africa,17.2699
716,732,449,508,2011,South Africa,14.3811
723,724,183,207,2004,South Africa,17.19
718,730,335,379,2008,South Africa,18.2642
719,729,867,981,2022,South Africa,14.8674
720,728,69,78,2001,South Africa,17.2828
721,727,791,895,2020,South Africa,14.8674
717,731,753,852,2019,South Africa,14.8674
748,745,412,466,2010,South Sudan,16.4721
757,736,640,724,2016,South Sudan,16.4721
756,737,298,337,2007,South Sudan,17.3696
755,738,32,36,2000,South Sudan,16.4721
754,739,336,380,2008,South Sudan,16.4721
753,740,526,595,2013,South Sudan,16.4721
752,741,564,638,2014,South Sudan,16.4721
751,742,146,165,2003,South Sudan,17.358
750,743,754,853,2019,South Sudan,16.4721
749,744,374,423,2009,South Sudan,16.4721
758,746,716,810,2018,South Sudan,16.4721
747,747,830,939,2021,South Sudan,16.4721
745,749,222,251,2005,South Sudan,16.9632
744,750,70,79,2001,South Sudan,16.4721
743,751,792,896,2020,South Sudan,16.4721
742,752,108,122,2002,South Sudan,16.4721
741,753,678,767,2017,South Sudan,16.4721
740,754,184,208,2004,South Sudan,17.0852
739,755,602,681,2015,South Sudan,16.4721
738,756,488,552,2012,South Sudan,16.4721
737,757,260,294,2006,South Sudan,17.5096
736,748,868,982,2022,South Sudan,16.4721
746,758,450,509,2011,South Sudan,16.4721
773,760,490,555,2012,Togo,30.7283
774,761,414,469,2010,Togo,30.7283
775,762,756,856,2019,Togo,17.9951
781,763,528,598,2013,Togo,17.9951
772,759,452,512,2011,Togo,30.7283
777,765,338,383,2008,Togo,30.7283
778,766,566,641,2014,Togo,17.9951
779,767,642,727,2016,Togo,17.9951
780,768,262,297,2006,Togo,22.5514
776,770,832,942,2021,Togo,17.9951
771,769,794,899,2020,Togo,17.9951
764,777,186,211,2004,Togo,22.5514
769,771,718,813,2018,Togo,17.9951
759,773,680,770,2017,Togo,17.9951
760,774,34,39,2000,Togo,22.5514
761,775,376,426,2009,Togo,30.7283
762,781,148,168,2003,Togo,22.5514
770,764,110,125,2002,Togo,22.5514
765,778,72,82,2001,Togo,22.5514
766,779,224,254,2005,Togo,22.5514
767,780,300,340,2007,Togo,22.5514
768,776,870,985,2022,Togo,17.9951
763,772,604,684,2015,Togo,17.9951
795,783,719,814,2018,Uganda,16.3222
804,787,491,556,2012,Uganda,18.992
803,791,871,986,2022,Uganda,16.3603
802,790,339,384,2008,Uganda,18.2213
801,789,681,771,2017,Uganda,17.5156
800,788,605,685,2015,Uganda,17.5399
799,782,377,427,2009,Uganda,17.4669
798,786,263,298,2006,Uganda,17.1127
797,785,643,728,2016,Uganda,17.5144
796,784,833,943,2021,Uganda,16.3603
794,792,149,169,2003,Uganda,17.2131
793,793,453,513,2011,Uganda,17.202
792,794,111,126,2002,Uganda,17.2131
783,804,301,341,2007,Uganda,17.1128
784,803,35,40,2000,Uganda,17.2131
785,802,225,255,2005,Uganda,17.1128
786,801,567,642,2014,Uganda,17.5638
782,795,187,212,2004,Uganda,17.1128
788,799,529,599,2013,Uganda,17.6414
789,798,757,857,2019,Uganda,16.3174
790,797,415,470,2010,Uganda,23.7154
791,796,73,83,2001,Uganda,17.2131
787,800,795,900,2020,Uganda,16.3603
817,814,489,554,2012,United Republic of Tanzania,17.9056
826,805,565,640,2014,United Republic of Tanzania,17.9074
825,806,71,81,2001,United Republic of Tanzania,17.9074
824,807,831,941,2021,United Republic of Tanzania,17.9074
823,808,793,898,2020,United Republic of Tanzania,17.9074
827,815,261,296,2006,United Republic of Tanzania,22.3976
821,810,717,812,2018,United Republic of Tanzania,17.9074
820,811,375,425,2009,United Republic of Tanzania,17.9046
819,812,603,683,2015,United Republic of Tanzania,17.9074
818,813,869,984,2022,United Republic of Tanzania,17.9074
816,822,641,726,2016,United Republic of Tanzania,17.9074
822,809,33,38,2000,United Republic of Tanzania,17.9074
814,818,755,855,2019,United Republic of Tanzania,17.9074
813,819,223,253,2005,United Republic of Tanzania,22.3703
812,820,527,597,2013,United Republic of Tanzania,17.9074
811,821,413,468,2010,United Republic of Tanzania,17.9066
810,827,337,382,2008,United Republic of Tanzania,17.929000000000006
809,823,185,210,2004,United Republic of Tanzania,22.3868
808,824,147,167,2003,United Republic of Tanzania,22.265
807,825,299,339,2007,United Republic of Tanzania,22.3968
806,826,451,511,2011,United Republic of Tanzania,17.9062
805,817,109,124,2002,United Republic of Tanzania,17.9074
815,816,679,769,2017,United Republic of Tanzania,17.9074
841,836,720,815,2018,Zambia,17.1617
842,835,378,428,2009,Zambia,16.9331
843,834,796,901,2020,Zambia,16.9373
844,833,74,84,2001,Zambia,16.605
850,838,644,729,2016,Zambia,17.0874
847,830,758,858,2019,Zambia,16.9373
848,829,112,127,2002,Zambia,16.5156
849,828,606,686,2015,Zambia,17.0556
840,837,872,987,2022,Zambia,16.9373
846,831,264,299,2006,Zambia,16.5598
839,845,530,600,2013,Zambia,17.1068
845,832,226,256,2005,Zambia,16.4185
837,846,568,643,2014,Zambia,17.0496
836,840,492,557,2012,Zambia,17.1277
835,849,36,41,2000,Zambia,16.7492
834,848,834,944,2021,Zambia,16.9373
833,847,416,471,2010,Zambia,16.9664
832,850,150,170,2003,Zambia,16.1865
831,844,340,385,2008,Zambia,16.8821
830,843,188,213,2004,Zambia,16.4325
829,842,682,772,2017,Zambia,17.0953
828,841,302,342,2007,Zambia,16.6046
838,839,454,514,2011,Zambia,17.0402
864,858,417,472,2010,Zimbabwe,18.4443
865,857,835,945,2021,Zimbabwe,16.4805
866,855,113,128,2002,Zimbabwe,16.6901
871,872,37,42,2000,Zimbabwe,16.6901
868,853,151,171,2003,Zimbabwe,16.6901
869,852,683,773,2017,Zimbabwe,19.6669
870,851,189,214,2004,Zimbabwe,17.4306
863,859,721,816,2018,Zimbabwe,19.5537
867,854,75,85,2001,Zimbabwe,16.6901
862,860,645,730,2016,Zimbabwe,18.424
856,869,797,902,2020,Zimbabwe,16.4702
860,862,607,687,2015,Zimbabwe,18.918
859,867,379,429,2009,Zimbabwe,17.991
858,863,265,300,2006,Zimbabwe,15.2277
857,870,303,343,2007,Zimbabwe,18.4393
855,868,341,386,2008,Zimbabwe,17.9232
854,871,569,644,2014,Zimbabwe,19.2462
853,866,455,515,2011,Zimbabwe,17.5498
852,865,493,558,2012,Zimbabwe,19.1704
851,864,227,257,2005,Zimbabwe,17.4306
872,861,531,601,2013,Zimbabwe,18.3617
861,856,759,859,2019,Zimbabwe,18.8858
873,873,873,988,2022,Zimbabwe,16.4805
