,Year,Cropland nitrogen per unit area,Cropland potassium per unit area,country
0,2000,25.133899999999997,11.5089,Angola
1,2001,28.6364,13.209500000000002,Angola
2,2002,30.717299999999998,14.694,Angola
3,2003,31.3211,15.3839,Angola
4,2004,36.3349,17.6348,Angola
5,2005,36.979299999999995,18.5566,Angola
6,2006,37.859,19.578200000000002,Angola
7,2007,41.1478,21.6145,Angola
8,2008,44.5615,25.7232,Angola
9,2009,46.6814,24.311999999999998,Angola
10,2010,49.7116,25.0424,Angola
11,2011,48.9252,27.071399999999997,Angola
12,2012,40.5267,22.052300000000002,Angola
13,2013,53.0199,27.7348,Angola
14,2014,53.83370000000001,24.1847,Angola
15,2015,54.178399999999996,24.401000000000003,Angola
16,2016,49.881499999999996,23.2621,Angola
17,2017,51.554899999999996,24.1243,Angola
18,2018,51.90700000000001,24.3723,Angola
19,2019,51.568099999999994,24.7071,Angola
20,2020,55.290600000000005,25.978099999999998,Angola
21,2021,54.75509999999999,26.2894,Angola
22,2000,45.820299999999996,18.2046,Benin
23,2001,46.675000000000004,18.247,Benin
24,2002,52.56700000000001,18.988999999999997,Benin
25,2003,40.0145,15.830100000000002,Benin
26,2004,42.0918,16.7838,Benin
27,2005,37.5726,14.3137,Benin
28,2006,36.4284,14.504199999999999,Benin
29,2007,40.9652,15.199,Benin
30,2008,40.03359999999999,15.679400000000001,Benin
31,2009,43.4308,17.1926,Benin
32,2010,47.3422,15.6136,Benin
33,2011,46.1689,18.7164,Benin
34,2012,47.708999999999996,19.823900000000002,Benin
35,2013,47.787699999999994,19.1843,Benin
36,2014,54.4043,20.438699999999997,Benin
37,2015,47.6218,17.905099999999997,Benin
38,2016,58.536,21.9342,Benin
39,2017,56.781600000000005,22.2951,Benin
40,2018,86.05990000000001,30.3446,Benin
41,2019,97.23809999999999,34.039,Benin
42,2020,89.7033,31.8705,Benin
43,2021,93.49090000000001,32.8237,Benin
44,2000,42.4858,15.724499999999999,Botswana
45,2001,74.79820000000001,26.8306,Botswana
46,2002,50.540200000000006,19.2287,Botswana
47,2003,71.39880000000001,24.5822,Botswana
48,2004,67.7369,21.8247,Botswana
49,2005,79.24240000000002,24.5357,Botswana
50,2006,89.59769999999999,26.257000000000005,Botswana
51,2007,103.22009999999999,28.991500000000002,Botswana
52,2008,76.1786,20.1947,Botswana
53,2009,90.8132,18.8272,Botswana
54,2010,144.8567,23.7484,Botswana
55,2011,68.8152,18.1346,Botswana
56,2012,104.3468,18.1322,Botswana
57,2013,138.6288,17.4728,Botswana
58,2014,94.29570000000001,11.9681,Botswana
59,2015,99.80850000000002,21.8473,Botswana
60,2016,85.6782,16.9002,Botswana
61,2017,52.483200000000004,15.8377,Botswana
62,2018,98.5754,17.4375,Botswana
63,2019,75.4097,17.6451,Botswana
64,2020,110.79769999999998,18.8168,Botswana
65,2021,101.2819,17.222199999999997,Botswana
66,2000,41.0315,13.525199999999998,Burkina Faso
67,2001,49.7835,15.4271,Burkina Faso
68,2002,50.735299999999995,15.527000000000001,Burkina Faso
69,2003,63.971599999999995,19.993699999999997,Burkina Faso
70,2004,57.9632,18.9177,Burkina Faso
71,2005,64.7456,21.7833,Burkina Faso
72,2006,62.3779,21.4093,Burkina Faso
73,2007,53.5196,17.2008,Burkina Faso
74,2008,66.768,21.670700000000004,Burkina Faso
75,2009,59.897400000000005,18.8699,Burkina Faso
76,2010,67.4341,19.6298,Burkina Faso
77,2011,56.826499999999996,18.8674,Burkina Faso
78,2012,67.1404,21.0101,Burkina Faso
79,2013,69.3266,22.6936,Burkina Faso
80,2014,67.6846,23.2786,Burkina Faso
81,2015,66.23989999999999,22.057499999999997,Burkina Faso
82,2016,73.33249999999998,23.5649,Burkina Faso
83,2017,66.9066,22.0554,Burkina Faso
84,2018,65.02250000000001,21.414,Burkina Faso
85,2019,62.717400000000005,21.0419,Burkina Faso
86,2020,72.0701,22.750799999999998,Burkina Faso
87,2021,61.68330000000001,20.35,Burkina Faso
88,2000,40.3245,22.8878,Burundi
89,2001,45.1421,24.4321,Burundi
90,2002,44.970699999999994,25.1948,Burundi
91,2003,41.3808,23.892400000000002,Burundi
92,2004,43.7875,25.0158,Burundi
93,2005,43.479000000000006,23.8737,Burundi
94,2006,44.9597,25.5457,Burundi
95,2007,42.6433,24.4512,Burundi
96,2008,43.1072,26.0124,Burundi
97,2009,44.5221,26.035700000000002,Burundi
98,2010,47.25059999999999,27.898300000000003,Burundi
99,2011,48.340700000000005,27.1694,Burundi
100,2012,49.0372,23.374200000000002,Burundi
101,2013,54.372,32.5296,Burundi
102,2014,57.669200000000004,29.318199999999997,Burundi
103,2015,56.79449999999999,25.8216,Burundi
104,2016,68.7947,29.3514,Burundi
105,2017,68.6812,27.9219,Burundi
106,2018,76.2241,34.3797,Burundi
107,2019,85.38969999999999,35.465900000000005,Burundi
108,2020,84.5241,35.1686,Burundi
109,2021,75.0557,32.3568,Burundi
110,2000,34.040000000000006,12.9748,Cameroon
111,2001,35.582,13.203299999999999,Cameroon
112,2002,34.5907,13.8031,Cameroon
113,2003,36.4105,13.5473,Cameroon
114,2004,38.374700000000004,14.0389,Cameroon
115,2005,40.617700000000006,15.8422,Cameroon
116,2006,41.942800000000005,16.3725,Cameroon
117,2007,44.077100000000016,17.5295,Cameroon
118,2008,44.2325,16.5651,Cameroon
119,2009,46.642700000000005,17.5939,Cameroon
120,2010,48.86409999999999,19.4849,Cameroon
121,2011,51.726,19.7027,Cameroon
122,2012,49.717000000000006,20.0317,Cameroon
123,2013,52.34149999999999,20.338,Cameroon
124,2014,51.4155,21.0015,Cameroon
125,2015,57.000600000000006,23.246899999999997,Cameroon
126,2016,58.5649,22.259100000000004,Cameroon
127,2017,55.66550000000001,22.436999999999998,Cameroon
128,2018,56.274699999999996,23.275000000000002,Cameroon
129,2019,57.76520000000001,23.2699,Cameroon
130,2020,57.181000000000004,23.2297,Cameroon
131,2021,57.5559,24.0163,Cameroon
132,2000,32.733200000000004,10.0754,Central African Republic
133,2001,33.8647,10.474,Central African Republic
134,2002,34.0923,10.313600000000001,Central African Republic
135,2003,35.4927,10.238599999999998,Central African Republic
136,2004,36.208400000000005,10.6243,Central African Republic
137,2005,37.5854,10.711300000000001,Central African Republic
138,2006,37.9847,10.9337,Central African Republic
139,2007,38.97239999999999,11.343499999999999,Central African Republic
140,2008,41.667899999999996,12.2665,Central African Republic
141,2009,41.8812,12.8069,Central African Republic
142,2010,40.511599999999994,13.264,Central African Republic
143,2011,42.3135,13.7912,Central African Republic
144,2012,41.19879999999999,13.876999999999999,Central African Republic
145,2013,42.3517,13.7646,Central African Republic
146,2014,39.7249,13.5291,Central African Republic
147,2015,39.602000000000004,13.6802,Central African Republic
148,2016,41.220600000000005,13.821000000000002,Central African Republic
149,2017,42.4759,14.1584,Central African Republic
150,2018,42.6093,14.228200000000001,Central African Republic
151,2019,42.291900000000005,14.509,Central African Republic
152,2020,43.1191,14.711300000000001,Central African Republic
153,2021,43.0108,14.7728,Central African Republic
154,2000,43.0436,11.430299999999999,Chad
155,2001,48.0666,12.497,Chad
156,2002,41.8033,12.4056,Chad
157,2003,45.0296,12.3817,Chad
158,2004,40.3129,12.4955,Chad
159,2005,47.8255,13.6241,Chad
160,2006,46.0462,13.2416,Chad
161,2007,47.5685,13.8281,Chad
162,2008,50.96920000000001,14.294699999999999,Chad
163,2009,48.6777,13.1906,Chad
164,2010,71.421,16.78,Chad
165,2011,48.7067,14.824200000000001,Chad
166,2012,67.9639,17.369999999999997,Chad
167,2013,57.26349999999999,14.9812,Chad
168,2014,54.7455,15.1663,Chad
169,2015,52.18580000000001,15.8887,Chad
170,2016,57.846900000000005,16.5457,Chad
171,2017,56.6579,16.6134,Chad
172,2018,59.9118,17.3304,Chad
173,2019,60.63379999999999,18.5548,Chad
174,2020,60.17250000000001,18.8235,Chad
175,2021,59.782599999999995,19.218,Chad
176,2000,35.0453,14.84,Congo
177,2001,37.302600000000005,14.113900000000001,Congo
178,2002,35.3263,13.831,Congo
179,2003,35.2957,13.8844,Congo
180,2004,35.2481,13.9495,Congo
181,2005,34.416000000000004,14.245800000000001,Congo
182,2006,34.5193,14.5175,Congo
183,2007,34.4048,14.7452,Congo
184,2008,36.586,15.445500000000001,Congo
185,2009,39.562799999999996,16.444100000000002,Congo
186,2010,37.2128,15.1659,Congo
187,2011,37.5229,15.1949,Congo
188,2012,37.3209,15.8735,Congo
189,2013,37.712599999999995,16.0446,Congo
190,2014,37.62369999999999,17.3801,Congo
191,2015,38.1124,18.308,Congo
192,2016,37.3372,16.9838,Congo
193,2017,37.7478,17.0063,Congo
194,2018,38.358999999999995,18.6929,Congo
195,2019,39.0962,18.2603,Congo
196,2020,43.8959,18.5378,Congo
197,2021,40.6418,19.0553,Congo
198,2000,39.31660000000001,22.5228,Côte d'Ivoire
199,2001,35.646699999999996,20.776500000000002,Côte d'Ivoire
200,2002,38.4244,23.1437,Côte d'Ivoire
201,2003,35.885799999999996,23.2652,Côte d'Ivoire
202,2004,36.9602,22.498800000000003,Côte d'Ivoire
203,2005,34.7858,21.628400000000003,Côte d'Ivoire
204,2006,33.7445,22.467,Côte d'Ivoire
205,2007,33.890600000000006,20.604499999999998,Côte d'Ivoire
206,2008,33.0529,21.3212,Côte d'Ivoire
207,2009,33.04,19.345,Côte d'Ivoire
208,2010,34.9153,23.7155,Côte d'Ivoire
209,2011,35.409200000000006,22.5218,Côte d'Ivoire
210,2012,40.061299999999996,23.9735,Côte d'Ivoire
211,2013,39.971999999999994,24.4973,Côte d'Ivoire
212,2014,43.330299999999994,26.445700000000002,Côte d'Ivoire
213,2015,42.3286,27.2987,Côte d'Ivoire
214,2016,42.6803,26.414500000000004,Côte d'Ivoire
215,2017,42.016,29.3256,Côte d'Ivoire
216,2018,39.20629999999999,25.7831,Côte d'Ivoire
217,2019,43.93090000000001,27.3975,Côte d'Ivoire
218,2020,41.1434,28.6119,Côte d'Ivoire
219,2021,42.657399999999996,28.286099999999998,Côte d'Ivoire
220,2000,34.2478,16.3907,Democratic Republic of the Congo
221,2001,33.97520000000001,16.0977,Democratic Republic of the Congo
222,2002,33.27910000000001,15.8863,Democratic Republic of the Congo
223,2003,33.7015,15.9831,Democratic Republic of the Congo
224,2004,33.97260000000001,16.0929,Democratic Republic of the Congo
225,2005,34.395,16.1504,Democratic Republic of the Congo
226,2006,34.580099999999995,16.452199999999998,Democratic Republic of the Congo
227,2007,35.206300000000006,16.565,Democratic Republic of the Congo
228,2008,35.3614,16.6234,Democratic Republic of the Congo
229,2009,31.2586,14.5035,Democratic Republic of the Congo
230,2010,35.9137,17.7587,Democratic Republic of the Congo
231,2011,34.014399999999995,16.5455,Democratic Republic of the Congo
232,2012,31.490299999999998,15.1868,Democratic Republic of the Congo
233,2013,31.8004,15.2132,Democratic Republic of the Congo
234,2014,32.3433,15.020800000000001,Democratic Republic of the Congo
235,2015,32.642,14.947099999999999,Democratic Republic of the Congo
236,2016,31.141299999999998,14.9411,Democratic Republic of the Congo
237,2017,31.8845,14.8195,Democratic Republic of the Congo
238,2018,32.134699999999995,14.8645,Democratic Republic of the Congo
239,2019,32.844100000000005,14.919699999999999,Democratic Republic of the Congo
240,2020,32.9208,15.3715,Democratic Republic of the Congo
241,2021,33.833600000000004,15.9384,Democratic Republic of the Congo
242,2000,20.3087,15.8276,Equatorial Guinea
243,2001,20.342800000000004,15.9408,Equatorial Guinea
244,2002,20.922300000000003,15.613199999999999,Equatorial Guinea
245,2003,20.887300000000003,15.5047,Equatorial Guinea
246,2004,23.3204,16.3294,Equatorial Guinea
247,2005,22.1364,16.7046,Equatorial Guinea
248,2006,22.4081,16.9935,Equatorial Guinea
249,2007,22.147900000000003,18.015700000000002,Equatorial Guinea
250,2008,23.156799999999997,18.3143,Equatorial Guinea
251,2009,23.158899999999996,17.8523,Equatorial Guinea
252,2010,24.063299999999998,18.8367,Equatorial Guinea
253,2011,25.013399999999997,20.1124,Equatorial Guinea
254,2012,24.220499999999998,19.8208,Equatorial Guinea
255,2013,25.7658,19.451,Equatorial Guinea
256,2014,25.904999999999994,19.703400000000002,Equatorial Guinea
257,2015,28.430599999999995,21.4118,Equatorial Guinea
258,2016,26.574399999999997,19.9774,Equatorial Guinea
259,2017,28.684300000000004,21.325200000000002,Equatorial Guinea
260,2018,27.7138,21.2475,Equatorial Guinea
261,2019,27.9671,21.144000000000002,Equatorial Guinea
262,2020,28.7395,21.1565,Equatorial Guinea
263,2021,28.679100000000002,21.0356,Equatorial Guinea
264,2000,42.6912,11.4504,Eritrea
265,2001,43.8157,13.167300000000001,Eritrea
266,2002,35.010400000000004,11.872800000000002,Eritrea
267,2003,30.101900000000004,12.7231,Eritrea
268,2004,30.342000000000002,13.634,Eritrea
269,2005,40.904999999999994,15.737100000000002,Eritrea
270,2006,31.6646,12.363199999999999,Eritrea
271,2007,38.41159999999999,15.368000000000002,Eritrea
272,2008,27.331699999999994,12.5364,Eritrea
273,2009,31.4751,13.313600000000001,Eritrea
274,2010,28.972300000000004,11.21,Eritrea
275,2011,33.1312,14.028099999999998,Eritrea
276,2012,33.7663,14.022400000000001,Eritrea
277,2013,33.7669,14.0819,Eritrea
278,2014,34.0684,14.164000000000001,Eritrea
279,2015,33.9478,14.1258,Eritrea
280,2016,35.909,14.2285,Eritrea
281,2017,35.6424,14.272300000000001,Eritrea
282,2018,41.34930000000001,14.256499999999999,Eritrea
283,2019,40.2871,14.2615,Eritrea
284,2020,39.0487,14.2868,Eritrea
285,2021,36.213300000000004,14.3074,Eritrea
286,2000,134.08979999999997,52.8918,Eswatini
287,2001,133.27100000000002,54.536500000000004,Eswatini
288,2002,173.6364,55.3261,Eswatini
289,2003,168.50130000000001,54.8798,Eswatini
290,2004,175.32170000000002,57.8643,Eswatini
291,2005,176.898,59.44080000000001,Eswatini
292,2006,181.6489,59.7296,Eswatini
293,2007,179.8356,58.429199999999994,Eswatini
294,2008,178.2575,57.063100000000006,Eswatini
295,2009,178.35890000000003,57.258700000000005,Eswatini
296,2010,180.3254,58.2752,Eswatini
297,2011,186.55720000000002,60.6259,Eswatini
298,2012,190.5879,61.767799999999994,Eswatini
299,2013,192.73680000000002,63.7154,Eswatini
300,2014,191.0143,63.582100000000004,Eswatini
301,2015,185.7084,63.178799999999995,Eswatini
302,2016,181.66799999999998,62.0279,Eswatini
303,2017,199.51160000000002,64.1591,Eswatini
304,2018,194.51940000000002,65.0654,Eswatini
305,2019,193.39479999999998,64.9783,Eswatini
306,2020,190.4012,64.4753,Eswatini
307,2021,192.1294,64.7849,Eswatini
308,2000,54.1016,13.2336,Ethiopia
309,2001,59.055400000000006,14.743300000000001,Ethiopia
310,2002,60.21099999999999,14.4799,Ethiopia
311,2003,47.199799999999996,13.2932,Ethiopia
312,2004,52.8654,12.886499999999998,Ethiopia
313,2005,56.30460000000001,14.122700000000002,Ethiopia
314,2006,55.7125,14.374400000000001,Ethiopia
315,2007,58.580200000000005,14.809199999999999,Ethiopia
316,2008,63.7644,16.4929,Ethiopia
317,2009,67.7413,17.8765,Ethiopia
318,2010,70.0767,18.172,Ethiopia
319,2011,71.11580000000001,18.0195,Ethiopia
320,2012,82.0054,19.188,Ethiopia
321,2013,80.0455,20.276,Ethiopia
322,2014,85.17089999999999,21.6186,Ethiopia
323,2015,90.39710000000001,21.9052,Ethiopia
324,2016,95.1789,22.2785,Ethiopia
325,2017,100.28630000000001,22.466700000000003,Ethiopia
326,2018,90.3214,20.741600000000002,Ethiopia
327,2019,95.83599999999998,21.3701,Ethiopia
328,2020,103.657,21.7291,Ethiopia
329,2021,104.34620000000002,21.5835,Ethiopia
330,2000,28.5929,11.4741,Gabon
331,2001,27.7252,11.3504,Gabon
332,2002,29.444,13.1174,Gabon
333,2003,28.3775,12.6941,Gabon
334,2004,29.4254,12.4116,Gabon
335,2005,29.532299999999996,14.431899999999999,Gabon
336,2006,30.092700000000008,14.154499999999999,Gabon
337,2007,30.749899999999997,14.5378,Gabon
338,2008,31.6923,15.8842,Gabon
339,2009,31.907899999999998,16.6503,Gabon
340,2010,31.832400000000003,13.0739,Gabon
341,2011,32.6147,14.9757,Gabon
342,2012,35.262699999999995,14.759699999999999,Gabon
343,2013,36.8007,15.5857,Gabon
344,2014,38.98070000000001,15.8295,Gabon
345,2015,46.9837,18.2676,Gabon
346,2016,44.8228,19.2407,Gabon
347,2017,57.981199999999994,24.425600000000003,Gabon
348,2018,53.400099999999995,21.2852,Gabon
349,2019,52.42,20.6673,Gabon
350,2020,44.180099999999996,17.9524,Gabon
351,2021,47.6101,18.732599999999998,Gabon
352,2000,99.4492,12.5905,Gambia
353,2001,105.76859999999999,12.976799999999999,Gambia
354,2002,69.33740000000002,9.8015,Gambia
355,2003,83.455,12.084,Gambia
356,2004,93.5086,13.509599999999999,Gambia
357,2005,82.69369999999999,12.7959,Gambia
358,2006,82.7961,12.627,Gambia
359,2007,67.3278,10.0897,Gambia
360,2008,67.8496,9.6951,Gambia
361,2009,70.33630000000001,10.0216,Gambia
362,2010,72.5688,10.43,Gambia
363,2011,53.7554,7.8873,Gambia
364,2012,56.195,7.6030999999999995,Gambia
365,2013,48.649499999999996,6.495500000000001,Gambia
366,2014,42.8609,6.0854,Gambia
367,2015,47.7096,6.4268,Gambia
368,2016,40.8108,5.7927,Gambia
369,2017,36.155899999999995,5.397399999999999,Gambia
370,2018,29.749000000000006,5.7379999999999995,Gambia
371,2019,30.087600000000002,5.9437999999999995,Gambia
372,2020,28.737299999999998,5.0457,Gambia
373,2021,30.225,4.665,Gambia
374,2000,34.9265,17.2899,Ghana
375,2001,38.614399999999996,18.3565,Ghana
376,2002,43.303799999999995,19.9777,Ghana
377,2003,44.5495,22.1052,Ghana
378,2004,42.2466,27.047,Ghana
379,2005,45.47269999999999,22.0786,Ghana
380,2006,51.941500000000005,26.9187,Ghana
381,2007,44.8043,25.283700000000003,Ghana
382,2008,50.1438,27.3549,Ghana
383,2009,54.2704,28.240199999999998,Ghana
384,2010,55.7822,28.624299999999998,Ghana
385,2011,54.117399999999996,29.500799999999998,Ghana
386,2012,61.7313,32.9413,Ghana
387,2013,62.61879999999999,30.106099999999998,Ghana
388,2014,60.020900000000005,29.8793,Ghana
389,2015,62.33140000000001,31.080199999999998,Ghana
390,2016,61.47489999999999,31.011,Ghana
391,2017,70.3397,34.0537,Ghana
392,2018,69.68799999999999,33.5528,Ghana
393,2019,71.7985,35.1473,Ghana
394,2020,74.11139999999999,39.5071,Ghana
395,2021,70.5946,34.9625,Ghana
396,2000,34.3957,9.5924,Guinea
397,2001,33.6758,9.5657,Guinea
398,2002,35.845099999999995,9.658999999999999,Guinea
399,2003,36.718799999999995,10.029300000000001,Guinea
400,2004,38.5764,10.5198,Guinea
401,2005,40.4619,10.9568,Guinea
402,2006,41.70980000000001,11.265,Guinea
403,2007,42.975,11.451699999999999,Guinea
404,2008,43.363,11.6406,Guinea
405,2009,42.60689999999999,11.3691,Guinea
406,2010,48.2013,11.8982,Guinea
407,2011,51.2845,13.1197,Guinea
408,2012,52.4938,12.7333,Guinea
409,2013,51.657199999999996,13.0503,Guinea
410,2014,55.8729,12.7782,Guinea
411,2015,58.8403,13.4184,Guinea
412,2016,60.7547,13.8872,Guinea
413,2017,69.60759999999999,15.842699999999999,Guinea
414,2018,70.39290000000001,16.402,Guinea
415,2019,68.40099999999998,16.989,Guinea
416,2020,70.3905,17.6851,Guinea
417,2021,73.6303,18.417099999999998,Guinea
418,2000,43.3902,15.221800000000002,Guinea-Bissau
419,2001,43.934200000000004,15.746199999999998,Guinea-Bissau
420,2002,46.83769999999999,16.1314,Guinea-Bissau
421,2003,47.58930000000001,16.6932,Guinea-Bissau
422,2004,47.49250000000001,17.0776,Guinea-Bissau
423,2005,45.177099999999996,14.797,Guinea-Bissau
424,2006,46.58219999999999,16.365099999999998,Guinea-Bissau
425,2007,45.357000000000006,16.5977,Guinea-Bissau
426,2008,54.0205,18.468400000000003,Guinea-Bissau
427,2009,53.575199999999995,18.712200000000003,Guinea-Bissau
428,2010,59.9301,19.8033,Guinea-Bissau
429,2011,58.357200000000006,20.1799,Guinea-Bissau
430,2012,63.785599999999995,20.8869,Guinea-Bissau
431,2013,68.10589999999999,20.7738,Guinea-Bissau
432,2014,65.7686,20.6909,Guinea-Bissau
433,2015,69.4066,21.4107,Guinea-Bissau
434,2016,74.59840000000001,21.819000000000003,Guinea-Bissau
435,2017,78.01050000000001,22.8285,Guinea-Bissau
436,2018,81.1309,22.698900000000002,Guinea-Bissau
437,2019,84.9409,23.9689,Guinea-Bissau
438,2020,88.0836,24.8021,Guinea-Bissau
439,2021,90.4477,25.3016,Guinea-Bissau
440,2000,64.94,23.551299999999998,Kenya
441,2001,67.8922,24.8844,Kenya
442,2002,65.99249999999999,24.4636,Kenya
443,2003,69.96629999999999,27.1509,Kenya
444,2004,67.64280000000001,26.3587,Kenya
445,2005,70.66820000000001,28.313699999999997,Kenya
446,2006,76.1373,30.3727,Kenya
447,2007,79.01100000000001,33.969899999999996,Kenya
448,2008,70.6956,30.938299999999998,Kenya
449,2009,72.052,31.1069,Kenya
450,2010,78.69279999999999,33.4514,Kenya
451,2011,79.1703,31.217399999999998,Kenya
452,2012,89.7096,34.654799999999994,Kenya
453,2013,100.55049999999999,34.801500000000004,Kenya
454,2014,95.1536,35.1646,Kenya
455,2015,92.48209999999997,36.0799,Kenya
456,2016,93.47250000000001,35.6747,Kenya
457,2017,98.9649,34.554,Kenya
458,2018,92.9806,35.9766,Kenya
459,2019,98.70480000000002,37.2252,Kenya
460,2020,114.54390000000001,39.1435,Kenya
461,2021,103.5443,38.3792,Kenya
462,2000,47.447900000000004,18.3985,Lesotho
463,2001,58.241400000000006,21.7048,Lesotho
464,2002,47.562200000000004,20.6032,Lesotho
465,2003,42.370799999999996,18.5992,Lesotho
466,2004,41.970400000000005,18.3094,Lesotho
467,2005,42.1867,18.218,Lesotho
468,2006,42.48309999999999,20.137,Lesotho
469,2007,43.7005,18.4657,Lesotho
470,2008,31.9822,13.7132,Lesotho
471,2009,32.5871,13.7586,Lesotho
472,2010,38.582899999999995,15.0964,Lesotho
473,2011,35.5399,14.655199999999999,Lesotho
474,2012,36.4931,15.276599999999998,Lesotho
475,2013,38.138,16.1995,Lesotho
476,2014,34.5679,14.1829,Lesotho
477,2015,43.944900000000004,16.8171,Lesotho
478,2016,25.641600000000004,9.737,Lesotho
479,2017,28.0625,11.5961,Lesotho
480,2018,30.759800000000006,12.1527,Lesotho
481,2019,25.3564,7.2577,Lesotho
482,2020,22.8733,7.179,Lesotho
483,2021,27.2201,7.8003,Lesotho
484,2000,36.6558,11.7762,Liberia
485,2001,35.8625,11.7117,Liberia
486,2002,35.6636,11.6825,Liberia
487,2003,35.337900000000005,11.958099999999998,Liberia
488,2004,34.6726,12.199300000000001,Liberia
489,2005,35.7777,12.688899999999999,Liberia
490,2006,39.086400000000005,13.097999999999999,Liberia
491,2007,40.9572,14.0563,Liberia
492,2008,44.171400000000006,14.1751,Liberia
493,2009,47.0901,13.8428,Liberia
494,2010,49.30830000000001,14.7514,Liberia
495,2011,45.595800000000004,14.3781,Liberia
496,2012,47.2857,14.5265,Liberia
497,2013,47.353,14.0764,Liberia
498,2014,47.3027,14.198899999999998,Liberia
499,2015,48.70890000000001,14.974700000000002,Liberia
500,2016,54.9132,17.4182,Liberia
501,2017,51.5931,16.0674,Liberia
502,2018,52.67649999999999,16.0273,Liberia
503,2019,53.95919999999999,16.764699999999998,Liberia
504,2020,55.90379999999999,17.5504,Liberia
505,2021,44.6742,15.438099999999999,Liberia
506,2000,45.680299999999995,17.3665,Madagascar
507,2001,45.5614,16.6291,Madagascar
508,2002,43.846000000000004,15.8286,Madagascar
509,2003,46.5444,16.075400000000002,Madagascar
510,2004,47.287400000000005,16.846799999999998,Madagascar
511,2005,56.120599999999996,20.753700000000002,Madagascar
512,2006,55.6876,20.4906,Madagascar
513,2007,56.637499999999996,21.015900000000002,Madagascar
514,2008,59.2739,21.567,Madagascar
515,2009,61.578300000000006,22.221400000000003,Madagascar
516,2010,62.6471,22.6592,Madagascar
517,2011,62.8981,23.198900000000002,Madagascar
518,2012,67.9236,23.767000000000003,Madagascar
519,2013,59.4285,22.496,Madagascar
520,2014,65.6647,23.5124,Madagascar
521,2015,63.791000000000004,23.116100000000003,Madagascar
522,2016,64.1396,23.633699999999997,Madagascar
523,2017,69.1237,23.262,Madagascar
524,2018,70.6486,23.244,Madagascar
525,2019,70.52890000000001,23.8254,Madagascar
526,2020,70.3679,23.7673,Madagascar
527,2021,65.4731,22.5713,Madagascar
528,2000,68.40469999999999,20.6498,Malawi
529,2001,59.45630000000001,21.452800000000003,Malawi
530,2002,77.0035,17.6337,Malawi
531,2003,81.34,20.158099999999997,Malawi
532,2004,83.6466,20.3221,Malawi
533,2005,73.6686,18.0047,Malawi
534,2006,91.4682,23.044,Malawi
535,2007,101.75710000000001,26.536900000000003,Malawi
536,2008,103.3093,25.2142,Malawi
537,2009,101.0232,29.888099999999998,Malawi
538,2010,113.53050000000002,30.7656,Malawi
539,2011,116.2614,30.3378,Malawi
540,2012,114.40190000000001,34.2464,Malawi
541,2013,118.21360000000001,37.8433,Malawi
542,2014,143.88530000000003,41.97,Malawi
543,2015,133.29250000000002,41.324600000000004,Malawi
544,2016,114.44990000000001,38.8691,Malawi
545,2017,138.9951,45.7142,Malawi
546,2018,149.6117,50.1619,Malawi
547,2019,155.52380000000002,57.1896,Malawi
548,2020,220.4887,64.8836,Malawi
549,2021,217.82379999999995,64.3524,Malawi
550,2000,34.7694,12.7858,Mali
551,2001,39.916500000000006,15.3789,Mali
552,2002,46.119400000000006,14.512699999999999,Mali
553,2003,44.089699999999986,13.7589,Mali
554,2004,49.297599999999996,16.6941,Mali
555,2005,48.46999999999999,14.970500000000001,Mali
556,2006,50.419799999999995,14.812899999999999,Mali
557,2007,43.73960000000001,15.8718,Mali
558,2008,53.30500000000001,17.1432,Mali
559,2009,53.937799999999996,16.759999999999998,Mali
560,2010,54.03719999999999,15.691400000000002,Mali
561,2011,57.646499999999996,15.163599999999999,Mali
562,2012,57.663900000000005,15.2958,Mali
563,2013,60.43870000000001,15.709700000000002,Mali
564,2014,61.8634,17.9665,Mali
565,2015,65.4651,18.5186,Mali
566,2016,71.3184,21.233600000000003,Mali
567,2017,72.03810000000001,21.113599999999998,Mali
568,2018,73.19969999999999,23.875500000000002,Mali
569,2019,78.1191,21.6979,Mali
570,2020,71.5498,20.2913,Mali
571,2021,68.9419,20.366500000000002,Mali
572,2000,49.0834,19.9551,Mauritania
573,2001,51.0107,19.875400000000003,Mauritania
574,2002,47.07639999999999,20.3767,Mauritania
575,2003,50.006099999999996,21.344099999999997,Mauritania
576,2004,47.0403,20.595599999999997,Mauritania
577,2005,50.48350000000001,21.067200000000003,Mauritania
578,2006,50.786100000000005,22.1609,Mauritania
579,2007,48.44819999999999,21.037999999999997,Mauritania
580,2008,48.4894,20.397199999999998,Mauritania
581,2009,50.4728,21.7414,Mauritania
582,2010,57.5753,23.2346,Mauritania
583,2011,53.102900000000005,22.2619,Mauritania
584,2012,59.60010000000001,24.2414,Mauritania
585,2013,61.3134,24.293799999999997,Mauritania
586,2014,63.33209999999999,24.816499999999998,Mauritania
587,2015,62.5115,26.252699999999997,Mauritania
588,2016,64.48159999999999,26.4238,Mauritania
589,2017,69.0751,27.4171,Mauritania
590,2018,71.47489999999999,27.7054,Mauritania
591,2019,70.5538,27.7765,Mauritania
592,2020,73.3806,28.5282,Mauritania
593,2021,76.41730000000001,29.178700000000003,Mauritania
594,2000,44.0967,15.5652,Mozambique
595,2001,43.2234,16.0138,Mozambique
596,2002,42.9229,14.021,Mozambique
597,2003,38.2299,14.732800000000001,Mozambique
598,2004,38.943,15.859200000000001,Mozambique
599,2005,43.37180000000001,13.4971,Mozambique
600,2006,44.7501,14.6656,Mozambique
601,2007,43.6539,14.1865,Mozambique
602,2008,51.4276,14.4477,Mozambique
603,2009,42.6083,14.6418,Mozambique
604,2010,51.38660000000001,14.4452,Mozambique
605,2011,49.699400000000004,15.8365,Mozambique
606,2012,52.321600000000004,16.7524,Mozambique
607,2013,48.1056,15.27,Mozambique
608,2014,47.38660000000001,14.6116,Mozambique
609,2015,39.0859,13.706199999999999,Mozambique
610,2016,44.7807,13.9749,Mozambique
611,2017,46.280699999999996,13.9783,Mozambique
612,2018,55.507999999999996,17.6717,Mozambique
613,2019,61.2651,17.9878,Mozambique
614,2020,58.18220000000001,17.4516,Mozambique
615,2021,62.6521,17.1917,Mozambique
616,2000,17.7675,8.0023,Namibia
617,2001,17.6059,8.0141,Namibia
618,2002,21.9481,7.7448,Namibia
619,2003,18.9277,8.0226,Namibia
620,2004,22.557000000000002,8.6874,Namibia
621,2005,21.609199999999998,9.354800000000001,Namibia
622,2006,24.068700000000003,8.947,Namibia
623,2007,21.2621,8.8141,Namibia
624,2008,19.846000000000004,8.6765,Namibia
625,2009,22.0728,8.6847,Namibia
626,2010,25.051300000000005,9.1785,Namibia
627,2011,29.3033,9.0892,Namibia
628,2012,40.392500000000005,10.2197,Namibia
629,2013,32.626599999999996,9.0113,Namibia
630,2014,27.934100000000004,9.9366,Namibia
631,2015,37.9425,10.0638,Namibia
632,2016,54.6668,10.0119,Namibia
633,2017,54.4181,10.2706,Namibia
634,2018,75.1336,10.4132,Namibia
635,2019,53.07569999999999,9.721599999999999,Namibia
636,2020,27.880200000000002,10.311399999999999,Namibia
637,2021,28.2506,10.4203,Namibia
638,2000,11.8709,2.7156000000000002,Niger
639,2001,13.2043,3.4282000000000004,Niger
640,2002,15.4677,3.8294,Niger
641,2003,15.7125,3.8058,Niger
642,2004,13.608400000000001,3.3619,Niger
643,2005,15.441299999999998,4.0472,Niger
644,2006,16.2937,4.3641,Niger
645,2007,16.5646,4.377800000000001,Niger
646,2008,20.8642,5.5073,Niger
647,2009,17.554199999999998,4.3652999999999995,Niger
648,2010,23.383699999999994,5.9259,Niger
649,2011,19.7099,5.1199,Niger
650,2012,21.798900000000003,5.4269,Niger
651,2013,20.315699999999996,5.4338999999999995,Niger
652,2014,21.7747,5.6203,Niger
653,2015,22.015199999999997,5.889799999999999,Niger
654,2016,22.871500000000005,6.1888000000000005,Niger
655,2017,23.349399999999996,6.2509,Niger
656,2018,25.5288,6.8955,Niger
657,2019,24.7276,6.9892,Niger
658,2020,25.7542,7.5994,Niger
659,2021,22.956300000000002,6.9289000000000005,Niger
660,2000,44.9597,18.0462,Nigeria
661,2001,44.9241,17.503700000000002,Nigeria
662,2002,45.963100000000004,18.1385,Nigeria
663,2003,49.1038,18.778799999999997,Nigeria
664,2004,49.752500000000005,19.7214,Nigeria
665,2005,54.6042,20.6932,Nigeria
666,2006,57.51950000000001,22.3448,Nigeria
667,2007,51.336800000000004,20.9403,Nigeria
668,2008,56.961800000000004,21.8892,Nigeria
669,2009,49.4818,18.8856,Nigeria
670,2010,60.9598,21.7769,Nigeria
671,2011,50.652,20.0363,Nigeria
672,2012,56.06680000000001,22.025100000000002,Nigeria
673,2013,56.7778,21.235699999999998,Nigeria
674,2014,58.2312,22.8826,Nigeria
675,2015,56.79679999999999,22.9491,Nigeria
676,2016,67.41770000000001,24.9745,Nigeria
677,2017,74.3207,26.9617,Nigeria
678,2018,72.9408,27.0787,Nigeria
679,2019,71.3004,25.2784,Nigeria
680,2020,72.9705,26.522199999999998,Nigeria
681,2021,76.4419,26.347500000000004,Nigeria
682,2000,46.4059,34.3996,Rwanda
683,2001,46.7236,31.2595,Rwanda
684,2002,50.18660000000001,38.572399999999995,Rwanda
685,2003,49.2884,34.6497,Rwanda
686,2004,48.448800000000006,35.0795,Rwanda
687,2005,52.8275,37.8622,Rwanda
688,2006,58.773199999999996,39.9058,Rwanda
689,2007,65.408,40.5472,Rwanda
690,2008,66.7885,41.9144,Rwanda
691,2009,69.6579,43.5698,Rwanda
692,2010,71.01859999999999,40.6679,Rwanda
693,2011,69.64180000000002,42.1322,Rwanda
694,2012,79.47519999999999,47.5414,Rwanda
695,2013,84.8303,49.4636,Rwanda
696,2014,77.30429999999998,34.9685,Rwanda
697,2015,86.44680000000001,39.461600000000004,Rwanda
698,2016,84.5,38.5484,Rwanda
699,2017,93.01520000000001,43.041399999999996,Rwanda
700,2018,92.34369999999998,41.2672,Rwanda
701,2019,102.89819999999999,49.92100000000001,Rwanda
702,2020,94.57450000000001,47.9884,Rwanda
703,2021,96.2603,48.2419,Rwanda
704,2000,62.977,11.277,Senegal
705,2001,60.58299999999999,10.8186,Senegal
706,2002,46.449600000000004,8.77,Senegal
707,2003,47.072599999999994,11.3173,Senegal
708,2004,52.6536,10.5541,Senegal
709,2005,55.0951,11.3982,Senegal
710,2006,45.0491,10.4496,Senegal
711,2007,40.5303,9.6909,Senegal
712,2008,49.56439999999999,10.4679,Senegal
713,2009,62.9559,10.744800000000001,Senegal
714,2010,75.2512,11.1796,Senegal
715,2011,55.1422,9.7236,Senegal
716,2012,59.2707,11.6091,Senegal
717,2013,60.5433,11.9782,Senegal
718,2014,59.5107,12.2101,Senegal
719,2015,69.5356,14.0063,Senegal
720,2016,66.3172,15.555699999999998,Senegal
721,2017,90.3083,17.6117,Senegal
722,2018,89.74650000000001,15.6559,Senegal
723,2019,86.2504,19.4633,Senegal
724,2020,105.3503,21.0355,Senegal
725,2021,88.75850000000001,18.662300000000002,Senegal
726,2000,40.4947,10.712,Sierra Leone
727,2001,39.021300000000004,8.4942,Sierra Leone
728,2002,45.4082,8.450800000000001,Sierra Leone
729,2003,42.288599999999995,10.299,Sierra Leone
730,2004,42.306200000000004,9.991,Sierra Leone
731,2005,45.4183,9.3748,Sierra Leone
732,2006,48.063399999999994,9.7744,Sierra Leone
733,2007,43.2076,11.8259,Sierra Leone
734,2008,43.40480000000001,11.3969,Sierra Leone
735,2009,48.665,13.1146,Sierra Leone
736,2010,50.1803,14.1925,Sierra Leone
737,2011,48.09139999999999,14.080400000000001,Sierra Leone
738,2012,57.1764,15.9481,Sierra Leone
739,2013,55.8056,15.4344,Sierra Leone
740,2014,55.379799999999996,14.9464,Sierra Leone
741,2015,49.27740000000001,14.3212,Sierra Leone
742,2016,50.5478,14.298399999999999,Sierra Leone
743,2017,53.9617,14.428999999999998,Sierra Leone
744,2018,60.703,14.6647,Sierra Leone
745,2019,55.151900000000005,13.121,Sierra Leone
746,2020,56.78509999999999,14.810500000000001,Sierra Leone
747,2021,62.183699999999995,16.1933,Sierra Leone
748,2000,42.012899999999995,23.5182,Somalia
749,2001,43.7828,24.491699999999998,Somalia
750,2002,43.3859,24.380899999999997,Somalia
751,2003,41.9363,23.4134,Somalia
752,2004,41.143299999999996,22.7321,Somalia
753,2005,42.56420000000001,23.625300000000003,Somalia
754,2006,41.3126,23.1514,Somalia
755,2007,41.048,23.1952,Somalia
756,2008,38.19019999999999,21.1476,Somalia
757,2009,38.714299999999994,21.1574,Somalia
758,2010,40.2503,21.784399999999998,Somalia
759,2011,41.2907,23.380799999999997,Somalia
760,2012,45.5859,24.6168,Somalia
761,2013,41.6656,22.4087,Somalia
762,2014,40.306000000000004,22.085,Somalia
763,2015,40.41559999999999,21.932,Somalia
764,2016,39.2016,21.397199999999998,Somalia
765,2017,39.5801,20.9438,Somalia
766,2018,39.98650000000001,21.4466,Somalia
767,2019,39.917500000000004,21.530799999999996,Somalia
768,2020,40.5484,21.5024,Somalia
769,2021,39.441100000000006,20.832800000000002,Somalia
770,2000,74.8223,20.0443,South Africa
771,2001,71.7104,18.862000000000002,South Africa
772,2002,80.8091,19.8371,South Africa
773,2003,72.23660000000001,18.7731,South Africa
774,2004,75.5622,20.234,South Africa
775,2005,71.6079,19.6586,South Africa
776,2006,79.1263,21.167099999999998,South Africa
777,2007,76.9355,19.8679,South Africa
778,2008,82.01270000000001,20.5925,South Africa
779,2009,82.65550000000002,20.4921,South Africa
780,2010,80.4938,20.159399999999998,South Africa
781,2011,87.51570000000001,21.9833,South Africa
782,2012,89.0901,22.6002,South Africa
783,2013,89.66420000000001,25.9824,South Africa
784,2014,97.52449999999999,28.7682,South Africa
785,2015,86.73849999999999,26.9469,South Africa
786,2016,82.47869999999999,24.2622,South Africa
787,2017,114.1028,28.652700000000003,South Africa
788,2018,109.87729999999999,33.862700000000004,South Africa
789,2019,103.15859999999999,30.9132,South Africa
790,2020,115.6364,33.912400000000005,South Africa
791,2021,134.197,35.9484,South Africa
792,2012,28.7188,7.958200000000001,Sudan
793,2013,37.2002,9.1386,Sudan
794,2014,39.832800000000006,9.9878,Sudan
795,2015,31.8621,8.864899999999999,Sudan
796,2016,46.9641,9.8173,Sudan
797,2017,40.3614,9.565999999999999,Sudan
798,2018,49.4984,10.8962,Sudan
799,2019,47.132,10.1084,Sudan
800,2020,44.2213,9.9468,Sudan
801,2021,46.8398,10.1419,Sudan
802,2000,31.354600000000005,9.6358,Togo
803,2001,34.2686,10.4582,Togo
804,2002,32.5853,10.2439,Togo
805,2003,32.84759999999999,10.7613,Togo
806,2004,31.2211,9.9425,Togo
807,2005,29.298699999999997,8.4363,Togo
808,2006,28.0906,8.5439,Togo
809,2007,28.372299999999996,8.8686,Togo
810,2008,29.319200000000002,9.235299999999999,Togo
811,2009,30.610499999999995,11.3964,Togo
812,2010,36.1936,12.8453,Togo
813,2011,39.9239,13.9164,Togo
814,2012,38.2516,10.3414,Togo
815,2013,40.209199999999996,13.929300000000001,Togo
816,2014,40.3213,11.630099999999999,Togo
817,2015,39.55349999999999,13.081299999999999,Togo
818,2016,46.0684,15.918,Togo
819,2017,43.77409999999999,15.2334,Togo
820,2018,53.24810000000001,15.5311,Togo
821,2019,44.662600000000005,13.2313,Togo
822,2020,45.3437,13.476600000000001,Togo
823,2021,44.9298,14.0587,Togo
824,2000,47.07330000000001,19.0852,Uganda
825,2001,48.472,19.845,Uganda
826,2002,50.789699999999996,20.541,Uganda
827,2003,51.38980000000001,20.569399999999998,Uganda
828,2004,50.086,20.2654,Uganda
829,2005,52.1132,20.2139,Uganda
830,2006,49.241299999999995,19.6881,Uganda
831,2007,50.62050000000001,19.8441,Uganda
832,2008,48.1849,16.6077,Uganda
833,2009,48.427499999999995,16.9162,Uganda
834,2010,50.097199999999994,17.2047,Uganda
835,2011,51.1114,17.1946,Uganda
836,2012,50.1458,17.0447,Uganda
837,2013,51.52250000000001,17.451,Uganda
838,2014,51.8756,17.8921,Uganda
839,2015,52.38920000000001,18.5066,Uganda
840,2016,49.37200000000001,17.070999999999998,Uganda
841,2017,52.6186,18.6002,Uganda
842,2018,52.8069,18.8439,Uganda
843,2019,48.777499999999996,19.5149,Uganda
844,2020,55.5673,21.4475,Uganda
845,2021,53.4871,20.868000000000002,Uganda
846,2000,33.979,12.5079,United Republic of Tanzania
847,2001,38.9799,13.542300000000001,United Republic of Tanzania
848,2002,46.65069999999999,16.4739,United Republic of Tanzania
849,2003,43.5471,14.1555,United Republic of Tanzania
850,2004,45.806400000000004,16.747500000000002,United Republic of Tanzania
851,2005,44.82299999999999,15.9454,United Republic of Tanzania
852,2006,43.72039999999999,16.3231,United Republic of Tanzania
853,2007,45.868700000000004,15.918399999999998,United Republic of Tanzania
854,2008,44.319300000000005,15.5516,United Republic of Tanzania
855,2009,45.4882,15.731100000000001,United Republic of Tanzania
856,2010,52.6944,17.6291,United Republic of Tanzania
857,2011,54.4084,18.7926,United Republic of Tanzania
858,2012,58.572199999999995,18.8702,United Republic of Tanzania
859,2013,67.84890000000001,20.2318,United Republic of Tanzania
860,2014,68.1517,20.3219,United Republic of Tanzania
861,2015,67.2215,20.3938,United Republic of Tanzania
862,2016,60.654500000000006,19.0097,United Republic of Tanzania
863,2017,62.30780000000001,19.526799999999998,United Republic of Tanzania
864,2018,61.75720000000001,19.8747,United Republic of Tanzania
865,2019,55.9506,19.7301,United Republic of Tanzania
866,2020,66.48280000000001,20.4545,United Republic of Tanzania
867,2021,58.757999999999996,20.5178,United Republic of Tanzania
868,2000,31.9555,10.486699999999999,Zambia
869,2001,34.0385,11.5321,Zambia
870,2002,45.7791,12.674900000000001,Zambia
871,2003,46.283100000000005,13.3306,Zambia
872,2004,52.13120000000001,13.419,Zambia
873,2005,55.2842,15.351600000000001,Zambia
874,2006,52.431,14.2613,Zambia
875,2007,55.1381,15.6627,Zambia
876,2008,55.054100000000005,19.044400000000003,Zambia
877,2009,61.983999999999995,14.5945,Zambia
878,2010,82.8965,17.4406,Zambia
879,2011,95.4296,18.079900000000002,Zambia
880,2012,88.1093,18.8732,Zambia
881,2013,104.7294,17.384500000000003,Zambia
882,2014,104.3193,18.2777,Zambia
883,2015,104.98299999999999,16.5153,Zambia
884,2016,115.64089999999999,18.859099999999998,Zambia
885,2017,126.51650000000001,22.0103,Zambia
886,2018,106.45609999999999,21.957,Zambia
887,2019,113.9738,24.2542,Zambia
888,2020,124.3679,28.846400000000003,Zambia
889,2021,129.3629,26.092399999999998,Zambia
890,2000,71.16080000000001,22.2382,Zimbabwe
891,2001,72.9543,22.7943,Zimbabwe
892,2002,56.5488,14.3319,Zimbabwe
893,2003,49.394200000000005,14.7085,Zimbabwe
894,2004,51.9641,16.2324,Zimbabwe
895,2005,42.215900000000005,12.7048,Zimbabwe
896,2006,46.0529,13.9469,Zimbabwe
897,2007,51.1725,14.112400000000001,Zimbabwe
898,2008,39.4474,11.4988,Zimbabwe
899,2009,44.218399999999995,11.3208,Zimbabwe
900,2010,51.8216,13.5374,Zimbabwe
901,2011,47.01160000000001,12.546800000000001,Zimbabwe
902,2012,45.77060000000001,14.0361,Zimbabwe
903,2013,47.520100000000006,15.0429,Zimbabwe
904,2014,44.145799999999994,15.2595,Zimbabwe
905,2015,39.756600000000006,12.4769,Zimbabwe
906,2016,45.061099999999996,16.6162,Zimbabwe
907,2017,46.07599999999999,15.9547,Zimbabwe
908,2018,47.216300000000004,18.3171,Zimbabwe
909,2019,38.7798,14.743699999999999,Zimbabwe
910,2020,43.136700000000005,15.7207,Zimbabwe
911,2021,47.59709999999999,16.783900000000003,Zimbabwe
